EmployeeID,SSN,FirstName,LastName,Salary
273,0x01872EFDE6C2347D20E8A9AC11DAD0CAE8E9E29379B18AFE6B04FB1ABBD464D45C9587E89E43504C7B4B064F75A4B84B4E4AB59B8FB7AE1FF0C55EB7C334E93169,Catherine,Abel,0x01867EA290ED2B5272B28933ACC1D8DACE04A8A26350601F40906D585F4940E44977FC341568404934D1133E26FCE06CE5380552CCE036A9642931CEF6DA5A3EA7
274,0x01671B2A821ED07F5A73EF2A65D1C08B60BA9EAC3E05B312AA7AA362745B830EBEB10ED098F4E54EC0899F07270F1EC8871C0AAD808FB707FC0A4F980D7B630806,Kim,Abercrombie,0x019BD9FADFEEE4C38555F77F1ADED785356A1E6CB9C3DD46962BC37E9664405DDE303B147DE9EE80251B98EF38FB357B174817331C9427C57CF8443A9B84115F50
275,0x01906762E22EBFCE1AEB0205ECB3B94EE2C77A52D870C65AC7DDEC3AA48E029D019FADA67ACDC8E46BF2BA0B3A65F2D38D8B09BB99DD0FF566456FEE6ACEC1268E,Frances,Adams,0x01F4144238AE7AE5B93EDECA71E6F1A6A82D81E1DA57E186120267EE8881BFBCEA80FD38D954ECE81499211CE6DD0A0135F68B0E2EC399EA40E6761114C72FF3FF
276,0x010DF0CB40BE415C4EFCEAAC30D83534D3CAF7BF0671784C46F4AD56FAB73983246D17A6E0231F53ABDE7AF3DE25EC302224B0E9B49C45FCD3D9F756A87FFCE829,Jay,Adams,0x019842038AE59A5F7F271410F486CB598733C93C8C53BA6D912CD9DCE1286B8D15717966F588D68F5730600F790EFB23649907438079BF07A736627ED22600A580
277,0x01691AD4BD5ACE8B6F84E36DF2B715A86E84C3A91C07F10A4F8F20BFA71C5289B945F884D4515D35776CADA15DD8911AAE6D72B5617B8C428C2A43CCC290594D76,Robert,Ahlering,0x01C651D1DE1EAEB62B66E3CE6CC21EE424C3442F6BF71936B19EB81EC89EA11695FD0C72C1B75B48FE31073F6FC083A6DC9C0FCBE666B35F11437AC1E748F5ED97
278,0x0186EB82AEEC8C6CCB71AA5F245FD9AEF108F24E4A64614367E1C11CEAE5DCA5BDC326EEB6085AF6E5B5ED0215A71D29F02983E1E0423F37BDDF26BB9698F5BD85,Stanley,Alan,0x0176EDDD56275D54704C6D9AFD7DD15399EFC2493287BBC44B864CACCF59C1FB907624A8D19A06B1C4F43567C20DBB2653FA16695EB8548D034D128F12F602DAEB
279,0x0151E01358E90D0638B100B86D09528F504E7E34BBA8617657E293FFCE9BAF8730F8295BE645084524E8E0C5068095B14AD4C1C352D29B8D28E70CC4DC59623CA5,Paul,Alcorn,0x0100BACE45CE482CFFCF3C94F0278B716B8269327B6BEECE660B2F2879D22B564642E3D0C1B29D3663A7ACA2AFADCE3C09C20B89A0C2EA6159EF2BEDE5165FACE3
280,0x01480D374DEE9E1E0F307A9D757362A6329FCABC42E9BB72F43630F5A25665B8447554995E42E527ECDEFCCA675B5FF24CA65DCC17336709A73FF564A96283F13F,Mary,Alexander,0x01C01DE137DA48A2CDFEB5961BFE5F0A8B62041DB9E673761E4A29C02FAA097CB16D40D9E8AE5003FF3BF86FE20503870B6AC2A9CF3E6E970B481BA15F84470279
281,0x01701D8B2539DB2A8600976C70B2828DDD1F68D967A403E83D69FDF2312A1BC65B4C1093AB055CC30F8284F8E5D77D6F9D7B17AF1DE0CDE96A021601DE09B4F5EB,Michelle,Alexander,0x01E101761E4AE5D34914CF4722DDC9D9EBE70B8EA7A570C9811694D92B5FF2DFB825DE6973D6FE8C095D4B484F2C24849097EFE5D771342DDD874B9D0DBE3B8D05
282,0x01C2B6A9EEBE4A4C6D34DFAEC595A5431CEFCA04D82D61BC5ABCD8AEADA6BBA00BD49BD85D4268A5900E8E3526B8A173B8F7B4BA6E0A02DF402E17113B0C6ADD0F,Marvin,Allen,0x0183E7F305C3E85A531AF8766CA1EF78BD95213A5A596AF6FFC8A5C4BBDC7D0893C4E930319E6098E4C707BF15FF0E29B6D254865DF343B3CDB852562FDF92A24A
